N,Memory,Skeleton,Filling,Multiplication
1e3,102400,0.0032830238342285156,0.05792593955993652,0.002568960189819336
3e3,313600,0.01118779182434082,0.19127821922302246,0.010951995849609375
1e4,1052800,0.03189206123352051,0.6005058288574219,0.02735614776611328
3e4,3164800,0.10195183753967285,1.8071143627166748,0.10640168190002441
1e5,10816000,0.34479188919067383,6.121896982192993,0.34286999702453613
3e5,32512000,1.0319669246673584,18.72720217704773,1.3993377685546875
1e6,111040000,4.007828950881958,66.75619626045227,5.1322338581085205
3e6,333760000,11.972312211990356,255.84580183029175,17.373229026794434
1e7,1113280000,40.597219705581665,NaN,NaN